CustomerID,Age,Tenure,MonthlyCharge,TotalCharge,Contract,InternetService,Churn
CUST_0001,56,11,64.63686465125855,726.1518802296476,Month-to-month,No,1
CUST_0002,69,26,106.42161776741689,2787.3188451432266,Month-to-month,DSL,0
CUST_0003,46,63,75.81402495938629,4776.56308699378,Month-to-month,Fiber optic,0
CUST_0004,32,59,73.99058395022125,4369.626323847731,One year,DSL,0
CUST_0005,60,27,23.41877659391582,614.6339945046213,Two year,Fiber optic,0
CUST_0006,25,49,118.66929803571615,5800.28587112568,Month-to-month,Fiber optic,1
CUST_0007,78,33,32.29708085296267,1057.421705007673,Two year,Fiber optic,0
CUST_0008,38,1,43.11309124276466,38.67690819759413,One year,DSL,1
CUST_0009,56,21,25.169683724152698,517.602127959826,One year,Fiber optic,0
CUST_0010,75,55,84.00029668369137,4619.656363483253,Month-to-month,No,0
CUST_0011,36,6,42.470117697267995,250.68361450686177,Month-to-month,DSL,0
CUST_0012,40,69,38.00104374727235,2632.7809708751884,One year,Fiber optic,0
CUST_0013,28,5,28.855558422324137,139.5300556567836,One year,Fiber optic,0
CUST_0014,28,3,30.330895712401567,68.12550765504974,Month-to-month,No,1
CUST_0015,41,53,78.46707004425888,4160.012224071075,One year,DSL,0
CUST_0016,70,23,88.82078658665954,2042.736111249056,Two year,No,0
CUST_0017,53,53,59.7378988464401,3157.4881400472805,Two year,Fiber optic,0
CUST_0018,57,37,67.98970815920732,2516.569200725641,Two year,No,0
CUST_0019,41,17,88.59677359829841,1495.3925052888096,Month-to-month,No,0
CUST_0020,20,1,21.737979018547964,25.03637855478139,Month-to-month,DSL,0
CUST_0021,39,51,52.31306570702785,2694.295595427719,One year,DSL,1
CUST_0022,70,45,117.30977480703464,5260.883811587491,Month-to-month,DSL,0
CUST_0023,19,4,78.01122296954681,306.88247100809565,Month-to-month,Fiber optic,1
CUST_0024,41,62,45.422457989749326,2809.4273441499668,Month-to-month,DSL,0
CUST_0025,61,65,72.17300466362131,4686.91270430051,Month-to-month,DSL,1
CUST_0026,47,32,54.26534881209153,1746.6904077828988,Month-to-month,Fiber optic,1
CUST_0027,55,34,73.22449888262992,2495.0612276026072,Month-to-month,DSL,1
CUST_0028,19,39,32.574151180664884,1278.8795610719947,Month-to-month,DSL,0
CUST_0029,77,26,33.27146538192774,865.3630549776572,Month-to-month,Fiber optic,0
CUST_0030,38,34,34.35423620393929,1154.8230377344871,One year,DSL,0
CUST_0031,50,54,113.98197919268418,6143.880022792347,One year,Fiber optic,0
CUST_0032,29,3,93.28989183413418,287.33227257706847,One year,Fiber optic,0
CUST_0033,75,50,36.238189466232086,1813.6177922957374,Month-to-month,Fiber optic,1
CUST_0034,39,12,38.83490837656014,478.62097457951006,Month-to-month,No,1
CUST_0035,78,65,93.08294748708764,6053.324207693165,One year,Fiber optic,0
CUST_0036,61,54,35.616384479217395,1911.454611944418,One year,Fiber optic,0
CUST_0037,42,5,43.45612933348286,212.06162852558276,One year,Fiber optic,0
CUST_0038,66,57,116.3346832820399,6636.725088573104,Month-to-month,No,0
CUST_0039,44,17,45.53065247284319,781.1244170007204,Two year,No,0
CUST_0040,76,47,86.16323503711467,4058.2231330659365,Month-to-month,No,1
CUST_0041,59,23,117.86312874005304,2700.366719889168,Month-to-month,Fiber optic,1
CUST_0042,45,14,57.42967671397926,792.0051723349404,One year,DSL,0
CUST_0043,77,66,21.751599086206223,1433.7075144921364,One year,DSL,0
CUST_0044,33,51,44.414729042237425,2279.551916319443,Month-to-month,DSL,0
CUST_0045,32,38,103.08771913417054,3910.3946438904004,Month-to-month,No,1
CUST_0046,79,64,106.46088359550367,6818.046269018245,One year,Fiber optic,0
CUST_0047,79,38,96.85193645237912,3684.9241965797964,Month-to-month,Fiber optic,1
CUST_0048,64,50,31.3109819076573,1573.156822879571,Month-to-month,Fiber optic,0
CUST_0049,79,30,99.55103716964031,3003.1755176286915,Month-to-month,No,0
CUST_0050,68,51,111.86777969935042,5720.875828914533,Two year,DSL,0
CUST_0051,61,63,80.06095425462361,5037.894059702892,Month-to-month,DSL,0
CUST_0052,72,52,114.08753563380648,5911.5728985448495,Two year,Fiber optic,0
CUST_0053,69,38,102.68388837118775,3895.2024647514872,One year,Fiber optic,0
CUST_0054,74,30,86.69715169909072,2601.671273913194,Two year,Fiber optic,0
CUST_0055,20,51,77.71852367117481,3960.0282544530587,Two year,No,0
CUST_0056,54,5,54.85736672419705,293.9658230502666,Month-to-month,DSL,0
CUST_0057,68,29,35.92874452428052,1042.1213942472993,Month-to-month,Fiber optic,0
CUST_0058,24,4,80.49539226905408,328.5186878787783,Month-to-month,Fiber optic,0
CUST_0059,38,10,51.81115536181195,520.2836967145929,Month-to-month,DSL,0
CUST_0060,26,56,106.64386675276454,5968.5902063199055,One year,No,0
CUST_0061,56,17,119.33369373586285,2009.424676730042,Month-to-month,Fiber optic,1
CUST_0062,35,17,95.24277626155725,1618.3410200610585,Month-to-month,Fiber optic,1
CUST_0063,21,69,29.048169528705074,2036.8701704121913,Month-to-month,No,0
CUST_0064,42,34,48.86855955306381,1649.0864408057912,Two year,Fiber optic,0
CUST_0065,77,6,30.910963176574974,167.31704861570762,Month-to-month,DSL,0
CUST_0066,31,53,85.05116477917157,4527.075626321783,Month-to-month,Fiber optic,0
CUST_0067,67,66,96.51908645557846,6377.680535766872,Month-to-month,Fiber optic,1
CUST_0068,75,43,112.56748308807119,4842.275971592296,Two year,DSL,0
CUST_0069,26,23,63.817234641198766,1481.4231353712423,One year,DSL,0
CUST_0070,43,55,110.13756495884444,6049.251053306883,Month-to-month,Fiber optic,1
CUST_0071,70,16,107.78911590413276,1723.5599068569777,Month-to-month,Fiber optic,0
CUST_0072,19,8,51.71957167653986,423.3081145813271,Month-to-month,DSL,0
CUST_0073,37,4,106.8900625540571,448.66379389443233,Month-to-month,Fiber optic,0
CUST_0074,45,4,57.56722518817265,218.5834576061245,Two year,No,0
CUST_0075,64,56,49.68692745602808,2795.2752821231766,One year,DSL,0
CUST_0076,77,25,84.90746587943931,2126.505037594393,Month-to-month,DSL,0
CUST_0077,24,67,52.83812278850811,3541.7848375043372,Two year,Fiber optic,0
CUST_0078,61,67,83.02087483291442,5562.321321582719,Month-to-month,DSL,1
CUST_0079,78,27,80.98318054986945,2172.699408639529,One year,Fiber optic,0
CUST_0080,25,32,76.34389273484588,2452.6354574971983,Two year,DSL,0
CUST_0081,64,50,58.04197042327977,2894.275830960725,Month-to-month,Fiber optic,0
CUST_0082,52,61,74.84997216514768,4555.051395048985,One year,Fiber optic,0
CUST_0083,31,51,79.64854749854216,4070.9305120146532,Month-to-month,Fiber optic,0
CUST_0084,34,19,74.56868884954734,1424.6964283928662,Month-to-month,No,0
CUST_0085,53,21,64.44194527512016,1354.0708516136342,Month-to-month,No,0
CUST_0086,67,5,21.46670570462638,118.12896473124832,Month-to-month,Fiber optic,0
CUST_0087,57,42,78.7061707701151,3319.9185381596253,One year,Fiber optic,0
CUST_0088,21,61,36.844438514271964,2260.5929901488453,Two year,DSL,0
CUST_0089,19,22,84.25759689471896,1848.3843419497973,One year,Fiber optic,0
CUST_0090,79,21,95.9344327922866,2024.7641379508157,Two year,DSL,0
CUST_0091,23,70,70.04453091307414,4905.233573690276,Two year,No,0
CUST_0092,71,1,74.23636649797383,91.49544420149758,Month-to-month,Fiber optic,1
CUST_0093,59,5,115.14785596659911,574.5019964703238,Month-to-month,Fiber optic,1
CUST_0094,21,12,104.71673613725741,1253.0361172734058,Month-to-month,DSL,1
CUST_0095,71,46,111.42365159514699,5119.350004608334,One year,Fiber optic,1
CUST_0096,46,34,101.37662883195864,3448.6982592289496,Two year,No,1
CUST_0097,35,49,30.891834184673144,1518.367129724905,Month-to-month,Fiber optic,0
CUST_0098,43,45,34.89918559701947,1575.3229746951488,One year,No,0
CUST_0099,61,27,72.66237972689595,1965.3759780293092,One year,DSL,0
CUST_0100,51,26,44.60696587979982,1166.4914830015935,One year,Fiber optic,0
CUST_0101,27,47,67.66954750411591,3178.2433143343037,Month-to-month,No,0
CUST_0102,79,56,59.43653238183502,3319.7206602268425,Month-to-month,Fiber optic,0
CUST_0103,53,63,74.94142384304533,4711.711422142719,Month-to-month,No,1
CUST_0104,31,48,94.68757161358226,4554.753948404984,Month-to-month,DSL,1
CUST_0105,48,61,91.54909070992744,5589.1977564108565,Month-to-month,DSL,1
CUST_0106,65,26,72.12341324853344,1856.6503667523662,One year,No,0
CUST_0107,32,36,102.23934188170581,3691.5838420094087,Month-to-month,DSL,1
CUST_0108,25,1,63.08620915380333,81.89056061782988,Two year,No,0
CUST_0109,31,8,109.67142898401224,870.2122633645125,One year,No,0
CUST_0110,40,52,27.12802700551639,1414.0190047496128,One year,DSL,0
CUST_0111,77,47,115.46600300333074,5422.167560220221,Month-to-month,Fiber optic,1
CUST_0112,74,56,85.46930814313482,4792.564325270261,One year,DSL,0
CUST_0113,79,14,58.00745089372053,800.4442236213351,Two year,Fiber optic,0
CUST_0114,57,28,39.715412657287736,1111.3170978330688,Month-to-month,DSL,0
CUST_0115,38,2,67.91832294436,145.6497871687078,Month-to-month,DSL,0
CUST_0116,33,26,39.4558323185301,1038.208757674771,One year,Fiber optic,0
CUST_0117,62,14,36.63316077431422,517.129209029596,Month-to-month,Fiber optic,0
CUST_0118,35,59,81.73517574129741,4818.98491570445,Month-to-month,No,0
CUST_0119,64,56,72.30847245817847,4033.3484468145584,Month-to-month,No,0
CUST_0120,70,7,87.00960346109417,601.4917271152664,Month-to-month,Fiber optic,1
CUST_0121,41,3,112.96058774219892,334.189029179049,One year,Fiber optic,0
CUST_0122,43,23,73.22602133390401,1677.221152846776,Month-to-month,No,0
CUST_0123,42,18,78.09320532627977,1406.273225556172,Two year,Fiber optic,0
CUST_0124,77,38,28.962633915494212,1097.1612114270672,One year,Fiber optic,0
CUST_0125,77,15,91.76357859086295,1378.1748925862987,One year,No,0
CUST_0126,77,64,59.99052068041562,3851.419596557076,One year,Fiber optic,0
CUST_0127,62,28,117.67252386625789,3290.7660460429274,Two year,Fiber optic,0
CUST_0128,58,39,102.31740155956602,3976.5499910505328,Month-to-month,No,1
CUST_0129,46,57,72.24810405161183,4111.124854960625,Two year,No,0
CUST_0130,32,17,32.322265417216606,555.314396792415,One year,Fiber optic,0
CUST_0131,62,44,105.94157932805892,4668.208928284119,One year,DSL,0
CUST_0132,18,25,99.97810954240217,2503.5135905302163,One year,Fiber optic,1
CUST_0133,42,17,38.4585129537033,666.8020932718363,Month-to-month,DSL,0
CUST_0134,24,13,49.527828922031006,641.9981452876332,Month-to-month,Fiber optic,1
CUST_0135,26,25,99.34072581478372,2504.0398068496866,One year,DSL,0
CUST_0136,41,68,38.522844654740965,2627.735307883445,Month-to-month,No,0
CUST_0137,18,10,111.77524891713773,1092.5176144692987,One year,DSL,1
CUST_0138,61,67,62.45274251963619,4202.34033511526,Month-to-month,DSL,0
CUST_0139,25,18,28.703896258765866,509.0002665564284,Month-to-month,Fiber optic,0
CUST_0140,41,34,101.57486435042809,3443.2043760199854,Month-to-month,Fiber optic,1
CUST_0141,28,8,57.35096830383876,464.045457529039,Month-to-month,DSL,0
CUST_0142,68,40,72.6499194153781,2888.6149718917586,One year,Fiber optic,0
CUST_0143,34,42,31.230434441121915,1304.7235542139042,Month-to-month,Fiber optic,0
CUST_0144,25,41,20.25840148449824,846.1654462706699,Two year,DSL,0
CUST_0145,52,6,83.79852057932976,508.3532992659536,One year,DSL,0
CUST_0146,52,52,71.51751703337317,3727.033283544797,Month-to-month,No,0
CUST_0147,50,26,79.35385691231471,2056.6311737152078,One year,Fiber optic,0
CUST_0148,76,64,99.37438503805163,6344.576942445623,Two year,DSL,0
CUST_0149,22,59,84.66059134228601,5002.043063488012,One year,No,1
CUST_0150,59,56,37.47734428273772,2108.033841395732,Month-to-month,No,0
CUST_0151,56,59,56.07725191105998,3317.40779661335,Two year,Fiber optic,0
CUST_0152,75,70,110.58911047877604,7743.328425815502,One year,Fiber optic,0
CUST_0153,58,33,96.9944700251679,3191.14682839582,Month-to-month,No,0
CUST_0154,45,53,75.66370579367172,4034.554102945199,Month-to-month,No,0
CUST_0155,24,22,45.56449978092723,1007.2168696102408,One year,Fiber optic,0
CUST_0156,26,21,50.206050183479505,1052.588187437178,Month-to-month,Fiber optic,1
CUST_0157,25,70,93.19580675856345,6522.011980724608,Two year,Fiber optic,0
CUST_0158,29,70,105.11742608527709,7359.715800750131,Month-to-month,Fiber optic,1
CUST_0159,51,4,87.14246695306144,359.2659504338256,Two year,DSL,1
CUST_0160,50,62,100.95299757684418,6260.982130997394,One year,Fiber optic,0
CUST_0161,65,62,96.6656135200406,6001.853169776992,Month-to-month,No,0
CUST_0162,72,24,34.97039679569578,840.8034999756308,Month-to-month,Fiber optic,1
CUST_0163,40,55,62.3944812913302,3430.5729321084573,One year,Fiber optic,0
CUST_0164,79,9,35.29838008285627,324.09792467899035,One year,Fiber optic,0
CUST_0165,41,3,43.52355848019848,136.6035357773334,One year,DSL,0
CUST_0166,54,31,106.92596246510526,3313.0084952273114,Month-to-month,Fiber optic,0
CUST_0167,52,40,67.28919656331821,2684.075792955586,Month-to-month,Fiber optic,0
CUST_0168,61,36,73.53581018426608,2650.7064557809836,Month-to-month,DSL,1
CUST_0169,57,24,37.84459652277721,909.053803236279,One year,DSL,0
CUST_0170,39,6,51.2271786048796,301.81435450157,Month-to-month,No,1
CUST_0171,44,66,43.024616842787,2831.200706798574,Month-to-month,DSL,0
CUST_0172,52,4,40.61861645184264,166.57922424631514,One year,DSL,0
CUST_0173,18,6,83.79607933159701,508.277426559859,Two year,No,0
CUST_0174,52,51,45.68838476457148,2326.507301846597,Month-to-month,Fiber optic,1
CUST_0175,54,62,83.20154860204184,5152.696642967465,Month-to-month,Fiber optic,1
CUST_0176,64,57,25.845461410855393,1464.8887485283856,One year,No,0
CUST_0177,31,66,34.17743935271019,2259.533546670322,One year,DSL,0
CUST_0178,20,8,47.45402540001254,371.59243246369294,Month-to-month,Fiber optic,1
CUST_0179,18,26,79.70469168956916,2094.7333296190054,Two year,Fiber optic,0
CUST_0180,22,51,87.5841245087376,4462.687535585908,Two year,No,0
CUST_0181,43,45,64.27169667795272,2867.974207729146,Month-to-month,Fiber optic,0
CUST_0182,72,44,64.5790914577229,2841.1783074735163,Month-to-month,Fiber optic,1
CUST_0183,31,5,92.45168513986181,461.528090901121,One year,Fiber optic,1
CUST_0184,56,70,21.582109176558244,1521.864828034319,One year,Fiber optic,0
CUST_0185,44,26,54.10900244742206,1409.7153260002506,Month-to-month,Fiber optic,1
CUST_0186,26,68,101.87070571192328,6918.869636576384,One year,Fiber optic,0
CUST_0187,32,19,80.32194102133722,1523.2529606704395,One year,Fiber optic,0
CUST_0188,32,20,53.722713275542034,1077.7284632273506,Month-to-month,Fiber optic,0
CUST_0189,43,12,110.55247923296739,1304.9826082925047,One year,Fiber optic,0
CUST_0190,59,47,97.26227274493826,4584.713036356003,Two year,Fiber optic,0
CUST_0191,77,1,46.48954472367334,38.17784586562669,Month-to-month,No,0
CUST_0192,30,14,84.52898375257169,1197.5762107454798,Month-to-month,Fiber optic,1
CUST_0193,68,64,79.57507281889568,5096.729311820589,Month-to-month,No,1
CUST_0194,49,38,60.11879140389827,2290.810014712074,Two year,No,0
CUST_0195,56,37,56.695607920480064,2109.2317274177753,Two year,Fiber optic,0
CUST_0196,66,11,54.35604747757039,603.6478427801993,Month-to-month,Fiber optic,0
CUST_0197,69,3,81.71557833956467,251.87559718186853,One year,No,1
CUST_0198,78,33,64.24099364806695,2118.3086259815955,One year,Fiber optic,0
CUST_0199,49,6,103.1863113251422,622.8395547655741,One year,No,1
CUST_0200,21,50,86.96026161339618,4342.138102520092,Month-to-month,Fiber optic,1
CUST_0201,47,10,26.993160570943413,266.49749471355443,Month-to-month,Fiber optic,1
CUST_0202,54,5,84.01682238281661,439.73106239377216,Month-to-month,DSL,1
CUST_0203,40,23,47.11474365001848,1075.557168099921,One year,Fiber optic,0
CUST_0204,56,10,79.28119916534227,794.3551629197856,Month-to-month,No,0
CUST_0205,62,44,88.01319311034514,3873.715187222341,Two year,Fiber optic,0
CUST_0206,32,2,43.08291891540121,83.05829311299442,Month-to-month,Fiber optic,0
CUST_0207,60,13,65.68586448803686,859.0602477101835,Month-to-month,No,0
CUST_0208,46,40,39.032486281906785,1567.1966722036852,One year,Fiber optic,0
CUST_0209,53,2,25.23388757865083,41.20958332582587,One year,Fiber optic,0
CUST_0210,30,65,57.84764234858691,3761.1103197736143,Month-to-month,Fiber optic,1
CUST_0211,49,63,56.2944271845992,3535.7252392420264,Month-to-month,Fiber optic,0
CUST_0212,24,17,119.5480490704257,2040.2023203804101,Two year,DSL,0
CUST_0213,76,9,64.63523511976422,583.4819891815042,Month-to-month,Fiber optic,1
CUST_0214,68,15,53.35695494722004,801.1776230754714,Month-to-month,Fiber optic,0
CUST_0215,39,24,78.04750067166746,1879.730329608743,Two year,Fiber optic,0
CUST_0216,45,38,28.876739410776846,1094.560994704836,Month-to-month,Fiber optic,0
CUST_0217,19,35,116.16657359548132,4074.9702954340282,Month-to-month,Fiber optic,0
CUST_0218,59,49,83.49600455910331,4081.819774668501,Month-to-month,DSL,0
CUST_0219,62,69,95.48378199408478,6602.499722780794,Month-to-month,Fiber optic,0
CUST_0220,79,62,37.04779381739175,2291.45410485274,Month-to-month,DSL,0
CUST_0221,74,60,60.94778530052039,3639.9053273542672,Month-to-month,Fiber optic,1
CUST_0222,70,50,62.26891133961895,3110.1602178963203,Month-to-month,No,0
CUST_0223,23,9,102.18064439010868,915.206117538436,Month-to-month,Fiber optic,1
CUST_0224,45,34,20.123667975940943,680.8439713204916,One year,Fiber optic,0
CUST_0225,45,35,50.08531083532551,1755.3023593912326,Month-to-month,DSL,0
CUST_0226,61,1,118.12363743443039,129.1020610433131,Month-to-month,DSL,1
CUST_0227,61,40,67.48865435062186,2697.6291148859027,Two year,Fiber optic,0
CUST_0228,37,64,58.25262802440083,3721.252017863464,One year,DSL,0
CUST_0229,47,22,31.982900201764636,692.3583363159839,Month-to-month,Fiber optic,1
CUST_0230,79,60,117.41646286280155,7040.305943855003,Two year,DSL,0
CUST_0231,28,64,22.002635592582447,1389.290429532773,Month-to-month,No,0
CUST_0232,75,11,93.71802250072432,1023.6469165728038,Month-to-month,Fiber optic,0
CUST_0233,72,14,96.85998047885084,1368.4802656625336,One year,DSL,0
CUST_0234,45,60,44.36567160638666,2653.706704337416,One year,No,0
CUST_0235,42,30,87.15584436130374,2620.9624894471153,Month-to-month,Fiber optic,0
CUST_0236,56,35,29.292914437938993,1012.9871844297799,Month-to-month,DSL,0
CUST_0237,79,37,45.70472664320799,1708.7858447918013,One year,Fiber optic,0
CUST_0238,50,5,98.7901988292265,512.3270614767796,Month-to-month,Fiber optic,1
CUST_0239,18,26,106.46861920335402,2774.0943148528036,Two year,Fiber optic,0
CUST_0240,74,62,80.84864126597913,5032.5282845071415,Month-to-month,DSL,0
CUST_0241,44,4,70.68384318204826,286.2933024774697,Two year,Fiber optic,0
CUST_0242,79,42,35.93040206189803,1516.7620577412129,One year,DSL,0
CUST_0243,74,18,26.310903307915016,486.21559830978566,Two year,DSL,0
CUST_0244,69,40,31.764902847355863,1272.393298425219,One year,No,0
CUST_0245,30,39,42.73573000960988,1651.1696957589347,One year,Fiber optic,0
CUST_0246,58,14,54.16745018969208,766.2339362080331,Month-to-month,Fiber optic,0
CUST_0247,20,32,58.090952551098724,1854.1918856908246,Month-to-month,Fiber optic,0
CUST_0248,56,51,54.63217685890035,2782.265721594363,Month-to-month,DSL,0
CUST_0249,23,38,43.905533219726564,1671.3892115143963,Two year,No,0
CUST_0250,25,23,70.9724246751698,1638.0285763260792,Two year,DSL,0
CUST_0251,44,63,102.52861082328968,6460.803828207312,Month-to-month,DSL,0
CUST_0252,26,15,47.97035384714792,725.9126030687919,Month-to-month,Fiber optic,0
CUST_0253,79,25,114.23870191022331,2848.898976414981,Month-to-month,Fiber optic,0
CUST_0254,54,17,107.33366617238478,1824.2452869833085,One year,Fiber optic,1
CUST_0255,50,66,36.17642113521096,2396.134649428432,Month-to-month,DSL,0
CUST_0256,68,53,98.62759567570944,5244.990482576968,One year,Fiber optic,0
CUST_0257,59,51,77.45873823177666,3971.660005710342,Two year,Fiber optic,0
CUST_0258,61,39,76.65753621714185,2993.9736792958092,Month-to-month,DSL,0
CUST_0259,41,51,59.10427630581744,3022.7181898641456,Month-to-month,No,1
CUST_0260,32,70,70.11529991820098,4927.886785922221,Month-to-month,DSL,0
CUST_0261,76,6,59.717877742921104,351.5989060901917,Month-to-month,Fiber optic,1
CUST_0262,71,67,73.97326187599428,4962.505544218742,Month-to-month,Fiber optic,0
CUST_0263,49,7,82.79500527726358,587.2484664357065,Month-to-month,DSL,0
CUST_0264,49,51,87.43038064090484,4473.428027046914,Two year,Fiber optic,0
CUST_0265,41,42,73.24811925594261,3065.0495949442275,Month-to-month,No,0
CUST_0266,58,64,92.14220673287318,5887.707173065878,Month-to-month,DSL,1
CUST_0267,69,15,34.12780492755058,512.1308960243057,Two year,No,0
CUST_0268,66,29,41.198249090223854,1198.526500239708,One year,Fiber optic,0
CUST_0269,79,33,101.87350040742702,3373.0541529824295,Month-to-month,DSL,0
CUST_0270,66,27,52.252797784641515,1416.0009779434436,One year,Fiber optic,0
CUST_0271,75,36,22.289382497612024,800.9036376129301,Month-to-month,Fiber optic,1
CUST_0272,69,29,35.37911496680311,1030.1589484848516,One year,Fiber optic,0
CUST_0273,29,38,42.361443449631125,1612.7452958487272,One year,Fiber optic,0
CUST_0274,79,57,115.73228878945872,6614.190625299025,One year,No,0
CUST_0275,56,27,77.30414289308493,2088.8684475489786,Month-to-month,No,0
CUST_0276,19,55,113.27307404762549,6226.1882384838755,Two year,Fiber optic,0
CUST_0277,20,33,77.5163350496625,2562.5351469395805,Month-to-month,Fiber optic,0
CUST_0278,66,68,67.93544401378517,4621.595046130777,Month-to-month,Fiber optic,0
CUST_0279,54,66,51.372769119409604,3374.892828324287,Month-to-month,Fiber optic,0
CUST_0280,66,10,80.63709444333756,806.2144238171539,Month-to-month,DSL,0
CUST_0281,73,5,33.91980246175298,168.59162985470482,Month-to-month,Fiber optic,0
CUST_0282,34,38,109.82616272927059,4167.95546505449,Two year,Fiber optic,0
CUST_0283,76,13,102.93324051412837,1348.4879595598984,Two year,DSL,1
CUST_0284,66,31,51.753144787673705,1596.490692451765,Month-to-month,DSL,0
CUST_0285,19,47,115.27975276012943,5422.704565921329,Month-to-month,Fiber optic,0
CUST_0286,19,52,102.5200767415568,5329.565420562516,Month-to-month,Fiber optic,0
CUST_0287,45,56,86.63068858350397,4852.395510732689,Month-to-month,Fiber optic,1
CUST_0288,71,15,32.176191112527476,486.7607295983708,Month-to-month,Fiber optic,0
CUST_0289,40,29,67.82340230480722,1953.8029230004993,Two year,Fiber optic,0
CUST_0290,54,8,70.61075548467508,566.8026527947485,Month-to-month,Fiber optic,0
CUST_0291,49,5,43.25513583653801,239.16515407982212,Month-to-month,DSL,0
CUST_0292,50,29,27.996539435930195,796.3320101831885,Month-to-month,DSL,0
CUST_0293,18,47,97.67236304716927,4590.0249835798,Two year,Fiber optic,0
CUST_0294,36,68,32.2035052124395,2201.0707476941243,One year,Fiber optic,0
CUST_0295,79,45,79.42907505617748,3577.3245700075227,Two year,DSL,0
CUST_0296,19,2,113.64491738836605,234.16950429789244,One year,Fiber optic,0
CUST_0297,70,27,107.61051925980425,2881.7273599037885,Month-to-month,DSL,1
CUST_0298,61,36,47.775262374926115,1725.8919392436396,Month-to-month,Fiber optic,1
CUST_0299,43,36,105.14486375512654,3777.598213122219,One year,Fiber optic,1
CUST_0300,49,26,20.033250612048942,523.963288759104,Month-to-month,Fiber optic,1
CUST_0301,23,43,21.76878096132572,935.7632340279112,One year,No,0
CUST_0302,49,27,80.25531638428649,2189.6768726673517,Month-to-month,DSL,0
CUST_0303,72,69,56.47982191445295,3902.5746653349124,Month-to-month,No,0
CUST_0304,21,20,58.64608411591471,1171.7954440256663,One year,Fiber optic,0
CUST_0305,72,11,76.44410906788825,825.7882721542352,One year,Fiber optic,0
CUST_0306,28,38,39.17824555918606,1489.9848002675692,One year,Fiber optic,0
CUST_0307,73,6,41.17553506654784,255.28549918275525,Month-to-month,Fiber optic,0
CUST_0308,76,23,68.46015870188647,1573.7781312251966,One year,Fiber optic,0
CUST_0309,34,47,95.4253544343863,4479.935094816782,Month-to-month,Fiber optic,1
CUST_0310,55,46,81.94977514075876,3763.96378983644,Month-to-month,DSL,0
CUST_0311,41,12,49.73550482368389,602.1774722387598,Month-to-month,DSL,1
CUST_0312,22,13,63.03371775089212,827.0322101546892,Month-to-month,Fiber optic,1
CUST_0313,69,62,37.06647585499984,2311.733604163201,Month-to-month,Fiber optic,0
CUST_0314,51,60,27.462981433708173,1637.8288870903866,Month-to-month,Fiber optic,0
CUST_0315,23,43,98.26960407441493,4230.852750784018,Month-to-month,DSL,1
CUST_0316,39,68,46.53874091881946,3163.4173429355446,Month-to-month,Fiber optic,1
CUST_0317,28,5,37.77663878512482,187.96085187929128,Month-to-month,No,0
CUST_0318,65,37,89.16180555693194,3303.0050641468215,Month-to-month,No,1
CUST_0319,33,31,81.80516742871859,2540.036752826526,Month-to-month,Fiber optic,1
CUST_0320,50,9,83.31896260134641,755.1583444700334,One year,Fiber optic,0
CUST_0321,26,51,42.88946048466136,2176.787772795771,Month-to-month,No,1
CUST_0322,77,29,43.2645538562681,1247.1739477601104,Month-to-month,Fiber optic,0
CUST_0323,76,40,42.080262978563916,1698.0692018977336,Month-to-month,Fiber optic,0
CUST_0324,23,41,37.37525956622945,1530.1799175405993,One year,No,0
CUST_0325,33,11,85.57236725616563,944.356183798001,Two year,Fiber optic,0
CUST_0326,46,23,104.80158852494014,2420.983199194055,One year,Fiber optic,0
CUST_0327,20,1,92.43174696766613,97.06617769127432,One year,DSL,0
CUST_0328,37,46,99.20936337605433,4569.09594160822,Month-to-month,DSL,0
CUST_0329,77,21,60.479842908519984,1279.0224778713573,One year,No,0
CUST_0330,76,36,85.40757953719981,3053.506225730223,One year,Fiber optic,0
CUST_0331,53,54,55.42362404447745,2987.976196850177,Month-to-month,Fiber optic,0
CUST_0332,36,57,72.550462196864,4140.0624031862435,Month-to-month,DSL,0
CUST_0333,43,1,68.16348465348624,82.0399277240628,Month-to-month,Fiber optic,0
CUST_0334,20,63,37.68871451438544,2375.0499700028404,Two year,Fiber optic,0
CUST_0335,36,54,58.70787603356308,3161.7781411948454,One year,DSL,0
CUST_0336,37,55,116.3822275482351,6392.841654656825,One year,No,0
CUST_0337,49,40,44.85802577149421,1803.1596428942994,Month-to-month,DSL,1
CUST_0338,24,15,33.38037362794887,498.5278685953142,Month-to-month,Fiber optic,1
CUST_0339,69,21,61.85806216239353,1298.9473049523608,Month-to-month,Fiber optic,0
CUST_0340,58,47,99.03377358601482,4660.737660480419,Month-to-month,DSL,0
CUST_0341,50,53,78.21482297799723,4116.370381006917,Two year,No,0
CUST_0342,57,9,88.09748272382446,812.8810196295009,One year,Fiber optic,1
CUST_0343,56,52,38.969484817467716,2019.1024721578108,Month-to-month,Fiber optic,0
CUST_0344,35,57,81.89481930077216,4670.424063838748,Two year,DSL,0
CUST_0345,57,26,52.35003949114738,1344.054056634869,Month-to-month,DSL,1
CUST_0346,18,41,103.43033659547675,4236.418389310496,Two year,DSL,0
CUST_0347,28,35,82.92988060107362,2914.9927015012277,Month-to-month,Fiber optic,0
CUST_0348,45,63,39.88562777752959,2493.6328781877055,Month-to-month,Fiber optic,0
CUST_0349,74,25,26.461667984408614,672.8037004821067,Month-to-month,No,0
CUST_0350,42,38,24.263320928703273,919.2692343284006,Month-to-month,Fiber optic,1
CUST_0351,67,2,57.14085676501407,119.15335793223007,Month-to-month,No,0
CUST_0352,40,7,46.58511366543135,332.6710397928706,One year,Fiber optic,0
CUST_0353,48,34,84.60901234625081,2881.120634767437,Two year,Fiber optic,0
CUST_0354,47,17,69.93338349786183,1180.2180129473427,One year,DSL,0
CUST_0355,59,43,46.60192780053807,2000.237403957787,Month-to-month,Fiber optic,1
CUST_0356,52,59,34.923777795017614,2045.8873281335314,One year,DSL,0
CUST_0357,24,51,32.71997626874496,1673.6367530218736,Month-to-month,DSL,0
CUST_0358,77,54,106.46603921404177,5766.186669098415,Month-to-month,Fiber optic,0
CUST_0359,33,24,44.34779684048672,1046.1027153049167,One year,No,0
CUST_0360,43,25,85.17106479109684,2121.6601607160405,One year,DSL,1
CUST_0361,65,71,101.06859279862663,7174.052335943661,Month-to-month,Fiber optic,1
CUST_0362,74,52,81.4081311184736,4234.956232397763,Month-to-month,No,0
CUST_0363,69,70,105.95652316469457,7425.748384542964,Two year,Fiber optic,0
CUST_0364,77,33,59.23937215284745,1953.3772812403893,Month-to-month,DSL,0
CUST_0365,66,49,115.62221906489484,5662.32914691539,Month-to-month,DSL,1
CUST_0366,19,29,33.3145004178097,977.1518191771786,One year,Fiber optic,0
CUST_0367,18,63,30.21495296575381,1910.161992513123,Month-to-month,Fiber optic,1
CUST_0368,65,22,85.86921462074436,1894.5125014133869,Month-to-month,No,1
CUST_0369,79,26,114.28311414132618,2972.486124790362,Month-to-month,Fiber optic,1
CUST_0370,29,28,100.8883461636328,2834.705214690917,One year,DSL,0
CUST_0371,22,49,27.641685943805143,1347.8795173341493,One year,DSL,0
CUST_0372,54,71,47.93677139347164,3395.5838261146255,One year,Fiber optic,0
CUST_0373,49,49,113.03188848378237,5546.023545574029,Two year,DSL,0
CUST_0374,76,20,45.305843280078456,889.8665059091,One year,Fiber optic,0
CUST_0375,72,63,98.11704237869192,6182.295464953956,Month-to-month,Fiber optic,0
CUST_0376,26,61,102.51321959287039,6250.140811642469,Month-to-month,DSL,0
CUST_0377,58,49,69.54521034609817,3393.6577596522807,One year,DSL,0
CUST_0378,52,71,58.63489098483155,4153.764584125878,One year,Fiber optic,0
CUST_0379,36,1,65.01244324197597,63.92268231902248,One year,DSL,0
CUST_0380,65,13,42.69646943653642,565.3937352399637,One year,DSL,0
CUST_0381,33,51,108.93909161288443,5549.364092344528,Month-to-month,Fiber optic,0
CUST_0382,20,56,65.06196567297579,3655.6038916856937,Month-to-month,No,0
CUST_0383,37,62,108.24594404560997,6711.8803231033835,Month-to-month,DSL,1
CUST_0384,41,32,30.56934799062741,991.3229827217768,Month-to-month,Fiber optic,1
CUST_0385,71,30,118.82752710001313,3558.780896912593,Month-to-month,Fiber optic,1
CUST_0386,73,29,64.32730874436183,1865.0038577054395,One year,Fiber optic,0
CUST_0387,50,49,24.783082039410544,1218.0558559644867,One year,No,0
CUST_0388,41,45,23.802184823745492,1069.303212441132,Month-to-month,Fiber optic,0
CUST_0389,69,30,94.62072574818386,2848.1520139169684,Month-to-month,No,1
CUST_0390,28,16,85.90355342036808,1352.3812174729867,Month-to-month,DSL,1
CUST_0391,66,40,100.21305581275875,4032.7462878982496,Month-to-month,DSL,1
CUST_0392,25,19,30.536753395280595,588.776060580283,One year,No,0
CUST_0393,53,18,23.557086703554834,422.29224237363684,One year,Fiber optic,0
CUST_0394,55,1,70.85792894475784,65.3347122089844,One year,DSL,1
CUST_0395,57,47,58.759523148276955,2753.033381854531,One year,Fiber optic,0
CUST_0396,37,66,66.19469366709558,4375.305936770005,One year,No,1
CUST_0397,79,38,119.1588408870274,4537.985770394965,Month-to-month,No,1
CUST_0398,52,51,117.07499576706702,5969.19952283912,Month-to-month,Fiber optic,1
CUST_0399,65,63,114.23153896731928,7207.656859070899,Month-to-month,No,1
CUST_0400,79,4,98.38426767676738,384.4644702394583,Two year,DSL,0
CUST_0401,42,1,55.48413602568904,44.64602752582068,Month-to-month,DSL,1
CUST_0402,52,8,61.21309302627716,507.8381562626727,Month-to-month,Fiber optic,1
CUST_0403,42,29,74.96160437189245,2179.7976129202666,Two year,DSL,0
CUST_0404,46,55,103.05344564048399,5681.907992244753,Two year,Fiber optic,0
CUST_0405,35,3,26.871283251826775,72.07445267160338,One year,Fiber optic,0
CUST_0406,63,32,62.429688588488816,1988.5147809139548,Month-to-month,Fiber optic,0
CUST_0407,35,10,28.26176634592687,279.03157026469324,Month-to-month,DSL,1
CUST_0408,19,34,71.46575865735116,2421.5952059345495,Month-to-month,DSL,1
CUST_0409,71,55,109.89008240062354,6051.008184136579,Month-to-month,Fiber optic,1
CUST_0410,52,32,98.24849245639379,3136.440498035337,Month-to-month,Fiber optic,1
CUST_0411,33,50,42.784241754311,2127.495389134877,Month-to-month,Fiber optic,0
CUST_0412,78,7,117.59908495987925,824.613748841707,Two year,Fiber optic,0
CUST_0413,58,8,86.73503980464284,680.9804566788906,Month-to-month,Fiber optic,0
CUST_0414,53,65,21.042769939740307,1349.785406768366,One year,No,0
CUST_0415,50,57,45.54134846852195,2597.189435044364,One year,DSL,0
CUST_0416,21,67,46.071329991991654,3069.286909033339,Month-to-month,DSL,0
CUST_0417,50,59,26.925430628585993,1596.3532010495278,One year,No,0
CUST_0418,31,54,115.9826518075929,6249.109860347488,Month-to-month,Fiber optic,1
CUST_0419,38,67,67.82552945759238,4521.903735794492,Month-to-month,No,0
CUST_0420,65,51,109.5814597371882,5585.7164800951905,One year,Fiber optic,0
CUST_0421,37,8,52.221550344462834,419.21834778866753,Month-to-month,Fiber optic,1
CUST_0422,73,34,32.523357043282715,1110.7088901084317,Two year,Fiber optic,0
CUST_0423,25,35,67.43361099062139,2361.896541661907,Month-to-month,Fiber optic,0
CUST_0424,24,32,31.395663471431718,994.0681048746376,One year,Fiber optic,0
CUST_0425,20,46,68.60155029775399,3162.80192550595,Month-to-month,Fiber optic,0
CUST_0426,34,16,112.02971812194077,1802.07687501585,Month-to-month,Fiber optic,0
CUST_0427,50,68,72.07681418342128,4889.165743188091,Month-to-month,No,0
CUST_0428,65,37,81.64997268950835,3019.2389281252126,One year,DSL,0
CUST_0429,29,54,35.66384369738083,1923.1031593874745,Two year,DSL,0
CUST_0430,76,14,24.37356258799695,343.43369205983765,Two year,Fiber optic,0
CUST_0431,68,55,31.080796217980705,1707.3945540711977,Month-to-month,Fiber optic,0
CUST_0432,39,48,79.85315756843656,3832.272785564225,One year,No,0
CUST_0433,72,7,29.501169899230465,212.92634459703018,One year,Fiber optic,0
CUST_0434,39,7,57.59928899413114,392.05649196290665,One year,Fiber optic,0
CUST_0435,63,33,75.0091940458156,2482.677134864523,Month-to-month,Fiber optic,0
CUST_0436,47,23,58.8652798629847,1365.3127641639605,One year,Fiber optic,0
CUST_0437,55,19,36.36838014653015,707.3405727189615,Two year,No,0
CUST_0438,55,19,47.379130751410656,878.7698110354288,Month-to-month,DSL,0
CUST_0439,62,36,112.8317532848577,4060.1141016837246,Two year,Fiber optic,0
CUST_0440,68,29,87.59822755863554,2520.697593456895,One year,No,0
CUST_0441,71,60,69.60478386798866,4151.93639518159,Month-to-month,No,0
CUST_0442,25,2,21.271488998689353,43.98390847345349,Month-to-month,Fiber optic,0
CUST_0443,44,1,119.24154004894702,115.2500221204434,Month-to-month,Fiber optic,1
CUST_0444,44,47,87.14549348946433,4098.836703522531,One year,DSL,0
CUST_0445,51,69,51.692247734494494,3571.6263705809934,Two year,Fiber optic,0
CUST_0446,38,20,107.92686599978381,2171.0162795767556,Month-to-month,No,1
CUST_0447,47,11,45.84316202918181,504.8139865740577,Two year,Fiber optic,0
CUST_0448,50,2,74.40165791827516,178.03687200974122,Two year,DSL,0
CUST_0449,45,67,83.6070763729825,5604.73821553968,Month-to-month,DSL,1
CUST_0450,64,12,42.10633714537285,523.7008361901463,Two year,DSL,0
CUST_0451,50,20,117.83972788005958,2333.466179595949,Two year,DSL,0
CUST_0452,22,5,94.81919059789975,487.593348285005,One year,DSL,0
CUST_0453,77,37,75.781322551107,2802.1013294930035,One year,Fiber optic,0
CUST_0454,78,38,38.05945981753008,1426.7760004718702,Two year,DSL,0
CUST_0455,65,9,25.385820699802615,232.67783739050475,One year,DSL,1
CUST_0456,36,53,52.005983252098346,2753.287556981369,Month-to-month,Fiber optic,0
CUST_0457,21,44,95.31873359134028,4199.824810503454,Two year,DSL,0
CUST_0458,52,24,46.9331298302025,1136.5058805003707,One year,DSL,0
CUST_0459,66,30,73.95562204955051,2203.7771603188994,One year,Fiber optic,0
CUST_0460,34,59,92.79471767307432,5485.037532535936,Month-to-month,DSL,0
CUST_0461,61,14,30.794371464646435,431.18599534725723,One year,Fiber optic,0
CUST_0462,45,9,88.52980161158733,810.2966262512188,Month-to-month,DSL,1
CUST_0463,47,40,29.18708877100447,1165.4320685502003,Two year,Fiber optic,0
CUST_0464,46,66,116.51297421269966,7685.152209112864,Month-to-month,No,0
CUST_0465,63,25,68.83941300649396,1721.2558655692385,Month-to-month,Fiber optic,0
CUST_0466,70,22,35.06761077098774,772.5060440255288,Month-to-month,Fiber optic,0
CUST_0467,23,4,54.23836360335465,210.32560639850124,Month-to-month,No,0
CUST_0468,52,26,61.34164492952615,1589.919720858127,One year,Fiber optic,0
CUST_0469,77,58,95.81850110765373,5545.204308898778,Two year,DSL,0
CUST_0470,58,29,94.34237860766093,2731.582528724265,Two year,Fiber optic,0
CUST_0471,54,37,81.1940505337331,3010.9429703481005,Month-to-month,No,1
CUST_0472,41,70,30.593071255849296,2140.1414461703894,Month-to-month,Fiber optic,0
CUST_0473,46,18,35.15693715876736,642.9155218182859,Two year,DSL,0
CUST_0474,66,42,29.375692064555665,1231.9247720348071,Two year,Fiber optic,0
CUST_0475,63,41,77.71727832875501,3172.0932315017226,Month-to-month,No,1
CUST_0476,70,38,107.71384415114039,4099.098826618901,Month-to-month,DSL,0
CUST_0477,48,34,63.38005122547718,2148.18551025589,Month-to-month,Fiber optic,0
CUST_0478,52,17,36.08481739577462,611.1082228405332,Two year,DSL,0
CUST_0479,77,37,75.80423251489671,2817.1323235260197,One year,Fiber optic,0
CUST_0480,50,25,101.17522168657099,2517.7718375670593,Month-to-month,DSL,0
CUST_0481,69,27,94.171206151293,2544.270003959555,Month-to-month,Fiber optic,1
CUST_0482,78,57,108.14507796750213,6163.864260647263,Two year,No,0
CUST_0483,38,31,47.79020972488678,1488.505758625861,Month-to-month,Fiber optic,0
CUST_0484,49,6,39.39538672677749,244.92385401548515,Month-to-month,Fiber optic,1
CUST_0485,40,40,107.98164859419387,4321.904333810244,One year,Fiber optic,0
CUST_0486,50,12,85.75603127780231,1025.4686288678236,Month-to-month,DSL,0
CUST_0487,20,53,51.09289300075542,2712.657054080297,Month-to-month,Fiber optic,0
CUST_0488,35,71,94.23480505725092,6704.027718036261,Two year,DSL,0
CUST_0489,42,10,101.51183844803678,1014.8454850839709,Two year,Fiber optic,0
CUST_0490,59,45,81.49782403411324,3664.729520390865,Two year,DSL,0
CUST_0491,48,17,88.78841098799151,1513.2846893725355,Two year,Fiber optic,0
CUST_0492,71,26,57.52599044426663,1496.0630217546286,One year,No,0
CUST_0493,75,62,73.8695667343039,4566.536043287663,Two year,No,0
CUST_0494,20,46,72.41591707261622,3333.525493344321,Month-to-month,Fiber optic,1
CUST_0495,57,64,104.80477911307719,6694.038239149302,One year,DSL,0
CUST_0496,63,2,103.99639802821825,211.73760252052097,Two year,Fiber optic,0
CUST_0497,41,54,103.26804693470432,5568.503107229967,Month-to-month,No,0
CUST_0498,67,65,21.10316142624658,1372.074240747891,Month-to-month,DSL,0
CUST_0499,49,51,94.95454844688882,4846.587909853322,Month-to-month,No,1
CUST_0500,64,53,95.86763901110048,5105.523901047761,Month-to-month,Fiber optic,1
CUST_0501,39,36,87.83788228551418,3169.59126189638,Month-to-month,No,1
CUST_0502,40,26,95.62646578914526,2499.9360986152,Two year,No,0
CUST_0503,19,29,104.19703714967088,3040.4315555273947,Two year,No,1
CUST_0504,44,21,67.03190541017857,1412.5625727837444,Month-to-month,Fiber optic,1
CUST_0505,59,11,70.20502134884472,775.1121328399639,Month-to-month,DSL,0
CUST_0506,19,40,32.47140569113905,1288.1890165572997,Month-to-month,Fiber optic,1
CUST_0507,43,11,58.53758830473618,642.747172028094,Two year,Fiber optic,0
CUST_0508,34,36,84.33651799117843,3028.8837703860645,Month-to-month,DSL,0
CUST_0509,57,59,98.03997761472745,5780.348090767676,Month-to-month,Fiber optic,0
CUST_0510,50,39,41.72090976912105,1645.8221147576455,Month-to-month,Fiber optic,1
CUST_0511,26,54,33.78228991592354,1825.3898705518711,Month-to-month,Fiber optic,0
CUST_0512,60,55,86.30420045004922,4737.972028975547,Month-to-month,Fiber optic,0
CUST_0513,71,24,20.187988352491065,498.25705500669864,Two year,DSL,0
CUST_0514,65,22,37.83725843073299,841.9724402385002,One year,No,0
CUST_0515,56,69,22.907138034395373,1590.6690592992848,One year,DSL,0
CUST_0516,46,56,36.688511785487094,2034.4953579562534,Month-to-month,Fiber optic,1
CUST_0517,59,33,38.13192799255052,1277.8403333313822,One year,Fiber optic,1
CUST_0518,72,36,58.76735947503942,2110.03979368048,One year,No,0
CUST_0519,43,20,60.2327124686556,1212.4337971010395,Month-to-month,DSL,1
CUST_0520,52,62,107.42624706102377,6685.665315689645,One year,Fiber optic,1
CUST_0521,67,26,71.01097124988252,1867.8385799788514,Month-to-month,Fiber optic,0
CUST_0522,42,66,92.34047656122863,6084.695831786363,Two year,DSL,0
CUST_0523,41,40,30.413735792028746,1202.104258311127,Month-to-month,Fiber optic,1
CUST_0524,30,17,42.543875546369385,737.5493502767588,Two year,No,0
CUST_0525,77,1,90.29434409786768,91.71490221380768,Month-to-month,No,0
CUST_0526,75,61,25.280396046852808,1537.0953444450004,One year,DSL,0
CUST_0527,24,43,68.65976622437532,2958.5821331175293,One year,DSL,0
CUST_0528,74,42,79.93689656629338,3355.720860009728,One year,Fiber optic,0
CUST_0529,53,25,80.2145644052481,2012.3773515016896,Month-to-month,Fiber optic,1
CUST_0530,62,39,22.293281126804203,870.1077820235512,Month-to-month,DSL,0
CUST_0531,37,35,52.21080042291855,1834.601894085431,One year,DSL,0
CUST_0532,18,3,83.6490651049154,242.0018684233823,Month-to-month,No,1
CUST_0533,25,44,34.89997361492435,1549.8434591879977,Month-to-month,No,0
CUST_0534,63,51,89.54156483280532,4573.596040180396,One year,DSL,1
CUST_0535,33,12,94.59252088136745,1141.573224270445,One year,Fiber optic,1
CUST_0536,31,19,118.19691904461453,2234.564762577556,Month-to-month,Fiber optic,1
CUST_0537,29,44,40.98419948564094,1820.301101534644,Month-to-month,DSL,0
CUST_0538,68,59,102.51306676661152,6048.133778236417,Month-to-month,Fiber optic,1
CUST_0539,40,49,72.0296576918654,3536.733715525703,One year,Fiber optic,0
CUST_0540,32,61,57.34625961441734,3494.8935918419916,One year,No,0
CUST_0541,45,17,32.23767573251779,550.6493780996235,Two year,Fiber optic,0
CUST_0542,51,57,93.55056064875376,5335.353230500158,Two year,Fiber optic,0
CUST_0543,19,55,43.58575991436871,2369.017485970245,Month-to-month,Fiber optic,1
CUST_0544,49,47,57.142200187304574,2691.5078900498634,Month-to-month,DSL,0
CUST_0545,40,12,26.254222689736842,334.7040868940629,Month-to-month,Fiber optic,1
CUST_0546,39,62,100.13669158195191,6213.872680670938,Month-to-month,Fiber optic,1
CUST_0547,68,8,96.65885239716434,763.6937366884173,Two year,DSL,1
CUST_0548,42,21,93.36158300423125,1967.0928587503952,One year,DSL,1
CUST_0549,75,70,49.94435104918867,3506.69937874494,Month-to-month,DSL,1
CUST_0550,79,25,37.34800742659573,938.824850826797,Month-to-month,No,1
CUST_0551,78,12,83.75532644702298,1004.3226462999753,One year,DSL,1
CUST_0552,39,15,69.61663841132194,1041.8280839115898,One year,DSL,0
CUST_0553,75,59,37.825246690464155,2229.2264571837172,Month-to-month,Fiber optic,0
CUST_0554,75,26,88.59112710498637,2310.347073739758,Two year,Fiber optic,0
CUST_0555,39,26,119.11264318213037,3082.8574827847933,One year,DSL,0
CUST_0556,66,47,94.72195877420377,4448.213330779024,Month-to-month,No,0
CUST_0557,69,32,93.99863866856118,3023.9125356240675,Two year,No,0
CUST_0558,59,10,115.03127529305917,1166.6547055963633,Month-to-month,Fiber optic,0
CUST_0559,23,16,40.29363675749022,629.9167172418269,Two year,Fiber optic,0
CUST_0560,32,71,76.55499649214404,5424.090614829591,Two year,DSL,0
CUST_0561,71,17,117.96467150338835,2002.6932097623226,One year,Fiber optic,1
CUST_0562,60,23,36.52941109701746,849.1023504025451,One year,Fiber optic,0
CUST_0563,77,26,90.02519594445211,2322.3803510152247,Month-to-month,DSL,1
CUST_0564,54,7,78.5810145971902,549.5190158311566,Two year,DSL,0
CUST_0565,50,14,78.6479092188707,1096.3289374983933,One year,Fiber optic,0
CUST_0566,25,7,89.76706275200752,641.6290860069049,One year,DSL,0
CUST_0567,70,9,112.96169228756843,999.8861458484233,Two year,No,1
CUST_0568,77,48,98.2581939851338,4717.318717441359,Two year,DSL,0
CUST_0569,61,59,25.613610341621,1507.266915782153,Two year,Fiber optic,0
CUST_0570,61,39,105.27280198757113,4120.337266778048,Month-to-month,Fiber optic,0
CUST_0571,22,18,42.55413299257326,771.9509203298512,Two year,Fiber optic,0
CUST_0572,56,59,57.6914164736372,3397.935415352017,One year,Fiber optic,1
CUST_0573,21,17,66.17328136123822,1133.4796475743406,Two year,Fiber optic,0
CUST_0574,23,14,68.09060007530697,949.3801125212118,One year,No,0
CUST_0575,62,31,63.51803992553568,1979.0525348040037,Month-to-month,Fiber optic,0
CUST_0576,49,24,113.73532942158644,2727.2771362092185,Month-to-month,Fiber optic,1
CUST_0577,69,60,90.60190076640247,5446.660711771836,One year,Fiber optic,0
CUST_0578,47,45,83.11706459567063,3744.628726356451,One year,Fiber optic,0
CUST_0579,64,3,24.984202778294154,107.55751914179669,Month-to-month,Fiber optic,0
CUST_0580,52,37,110.39133302603747,4083.9503619092266,One year,No,0
CUST_0581,72,43,110.93901920083962,4774.206448552318,Month-to-month,DSL,1
CUST_0582,57,40,98.02130634301024,3916.0580063032503,Two year,Fiber optic,1
CUST_0583,69,55,20.702920381361917,1138.6874743824533,Month-to-month,Fiber optic,1
CUST_0584,33,39,25.728025107762335,976.3746278612367,Month-to-month,Fiber optic,1
CUST_0585,30,15,42.52237022684898,642.4913935681449,Month-to-month,No,1
CUST_0586,67,4,33.13494081449067,145.9685053874568,Month-to-month,No,0
CUST_0587,77,25,59.88360297037295,1501.0563743053174,Month-to-month,Fiber optic,1
CUST_0588,59,13,112.26230580877896,1446.2713609343527,Month-to-month,DSL,0
CUST_0589,47,33,67.20604341969982,2209.781561323004,Month-to-month,DSL,0
CUST_0590,36,16,21.340262643216562,317.14228101990227,Two year,Fiber optic,0
CUST_0591,34,42,48.2745689578762,2037.3211362994546,Two year,No,0
CUST_0592,73,66,24.459490837296155,1604.2612623344503,Month-to-month,DSL,0
CUST_0593,36,55,23.628762261350214,1299.2948384721394,Two year,DSL,0
CUST_0594,45,42,47.571985309555224,1996.4860072780473,Month-to-month,DSL,0
CUST_0595,75,34,47.56123386789454,1631.959221864997,One year,No,0
CUST_0596,72,30,98.7126602601604,2962.2326209844696,One year,Fiber optic,0
CUST_0597,43,13,117.4834652781112,1535.3739778165057,Month-to-month,Fiber optic,1
CUST_0598,54,13,57.12070938899983,748.0338596984744,Month-to-month,Fiber optic,1
CUST_0599,43,18,62.88868788610386,1145.5904961494834,Month-to-month,No,0
CUST_0600,70,32,104.47894362860214,3340.934959170239,Month-to-month,Fiber optic,1
CUST_0601,79,39,46.81390200955134,1844.4383316775475,One year,Fiber optic,0
CUST_0602,40,46,35.6381804403448,1619.4996786918675,Month-to-month,DSL,0
CUST_0603,26,29,105.30896234036504,3062.534642850598,Month-to-month,Fiber optic,1
CUST_0604,29,62,24.65005864400655,1519.6374398417647,Month-to-month,Fiber optic,1
CUST_0605,70,62,81.96994401994158,5077.209033708578,Month-to-month,No,1
CUST_0606,18,57,76.19928474668068,4349.053373229808,One year,DSL,0
CUST_0607,75,16,54.59204475016943,879.0867365011883,Month-to-month,DSL,1
CUST_0608,75,56,51.5189521097359,2891.1255982821112,Two year,DSL,0
CUST_0609,18,10,97.18577261816213,957.9961467405689,Month-to-month,Fiber optic,1
CUST_0610,64,30,28.642461076254648,873.7641346004318,Month-to-month,No,0
CUST_0611,51,25,43.678430931138536,1082.9543020961867,One year,DSL,0
CUST_0612,49,5,93.24487318380898,458.5514950167929,Month-to-month,Fiber optic,0
CUST_0613,79,65,74.83205837264242,4870.462761603426,One year,Fiber optic,0
CUST_0614,71,49,32.798820853358635,1604.2750100669607,One year,DSL,0
CUST_0615,65,3,108.213561428206,327.72329269024294,Month-to-month,Fiber optic,1
CUST_0616,42,45,59.34478465635915,2648.9493025698343,Month-to-month,DSL,0
CUST_0617,57,14,102.78683753221728,1441.858969946234,Month-to-month,Fiber optic,1
CUST_0618,62,30,98.77130155277086,2965.3173653782483,Month-to-month,Fiber optic,0
CUST_0619,70,68,82.44254464717281,5600.994450630108,Month-to-month,Fiber optic,0
CUST_0620,18,18,69.4481131295093,1229.3252767335193,Month-to-month,DSL,0
CUST_0621,33,62,117.95508403817568,7311.087127752076,Month-to-month,No,1
CUST_0622,78,37,34.4965072379817,1275.997029207337,One year,Fiber optic,0
CUST_0623,56,25,92.51557275511148,2309.217028974482,One year,Fiber optic,0
CUST_0624,22,48,39.119070146478904,1859.3536223866624,One year,DSL,0
CUST_0625,39,65,53.82631053323484,3514.6575247334335,Month-to-month,DSL,0
CUST_0626,46,53,50.86987433731953,2689.714724598491,Month-to-month,DSL,0
CUST_0627,72,15,114.7035987738723,1718.3319349788555,Two year,DSL,0
CUST_0628,20,49,116.73561777882752,5695.9505279503655,One year,Fiber optic,0
CUST_0629,29,68,38.30154442347272,2620.453574283127,Two year,No,0
CUST_0630,43,12,22.203516029750418,261.77669303966445,Month-to-month,Fiber optic,1
CUST_0631,33,59,92.00080396631131,5429.03206218311,One year,DSL,0
CUST_0632,68,37,61.798993387048434,2297.770129768958,One year,Fiber optic,0
CUST_0633,54,61,28.88402450875644,1755.1624529869766,Month-to-month,DSL,0
CUST_0634,39,43,88.37541055770426,3809.7751038551482,Month-to-month,Fiber optic,1
CUST_0635,74,70,74.51055282606997,5195.125443265486,One year,Fiber optic,0
CUST_0636,46,39,118.0516822001106,4609.525472380027,Month-to-month,Fiber optic,1
CUST_0637,31,56,42.740949586137894,2409.2155984889187,Month-to-month,No,0
CUST_0638,45,63,60.397787632654826,3799.2564523850738,One year,DSL,0
CUST_0639,22,46,74.25458033954229,3426.899511821929,Two year,Fiber optic,0
CUST_0640,64,11,99.16999884533517,1109.2092138206249,Month-to-month,No,1
CUST_0641,66,62,74.88386567200587,4640.251253283824,Month-to-month,Fiber optic,1
CUST_0642,47,25,81.29001608619492,2028.8751192963746,Month-to-month,Fiber optic,0
CUST_0643,63,71,42.61470515899407,3016.6611288302556,One year,No,0
CUST_0644,79,52,104.69187280885599,5438.880084508661,Month-to-month,DSL,0
CUST_0645,69,4,62.86305469704757,243.2986198854641,Two year,No,0
CUST_0646,22,59,34.09596275217693,2002.6706913941666,Month-to-month,DSL,0
CUST_0647,29,20,86.41879145054173,1740.3641819779482,Month-to-month,Fiber optic,1
CUST_0648,33,63,41.60904531853075,2613.4705948145547,One year,No,0
CUST_0649,43,54,29.756251023929973,1609.422774439415,Two year,DSL,0
CUST_0650,43,57,106.19869084042723,6053.707712256515,Month-to-month,Fiber optic,0
CUST_0651,65,41,66.01622644884397,2721.6462300283138,Month-to-month,Fiber optic,0
CUST_0652,38,3,94.92837126957764,279.75355148818284,Two year,No,0
CUST_0653,56,6,49.05875598063551,298.1640163503563,Month-to-month,No,0
CUST_0654,53,5,98.69701349176663,501.3957644815942,Two year,Fiber optic,1
CUST_0655,50,5,31.193592702153033,170.865459583971,Month-to-month,Fiber optic,0
CUST_0656,79,54,55.597337379485275,2997.078685041752,One year,No,0
CUST_0657,47,47,117.80618179735285,5530.71161978826,One year,Fiber optic,0
CUST_0658,54,49,99.39897163680061,4859.93179966363,Month-to-month,Fiber optic,0
CUST_0659,40,9,69.72559303146882,649.8933334917018,Two year,Fiber optic,0
CUST_0660,75,20,53.97774715618851,1093.399667505574,Month-to-month,Fiber optic,0
CUST_0661,27,61,107.21357000224765,6539.605756193986,Month-to-month,DSL,1
CUST_0662,71,35,74.48477590845157,2626.2815483070754,One year,DSL,0
CUST_0663,22,50,95.84250178691111,4791.1064554018985,Month-to-month,DSL,1
CUST_0664,53,62,95.4107680316164,5922.711722674552,One year,No,1
CUST_0665,51,17,21.794567856849184,370.60937258366334,Month-to-month,Fiber optic,1
CUST_0666,69,3,32.62537827926135,101.85418935528875,Month-to-month,Fiber optic,1
CUST_0667,48,32,85.96293663947422,2753.7315868885107,Month-to-month,Fiber optic,1
CUST_0668,27,13,36.16198112858714,465.8559009378664,Month-to-month,DSL,1
CUST_0669,75,68,45.54933446556047,3108.279729038966,Month-to-month,Fiber optic,0
CUST_0670,36,14,114.66379541996072,1612.4526600562892,One year,Fiber optic,0
CUST_0671,75,11,76.01822583749119,846.4774301474177,Two year,Fiber optic,0
CUST_0672,49,56,95.07295069993472,5327.287511051338,Two year,No,0
CUST_0673,18,67,75.79807387826398,5069.405251025915,Month-to-month,Fiber optic,0
CUST_0674,73,29,75.25136147827251,2199.3833435354795,Month-to-month,Fiber optic,0
CUST_0675,22,9,29.415191012569792,262.11115677745386,Month-to-month,Fiber optic,0
CUST_0676,62,67,54.3663192609103,3646.1840607666745,Month-to-month,No,0
CUST_0677,21,25,48.24308986865117,1212.431060304502,One year,Fiber optic,1
CUST_0678,33,42,59.07283656136132,2484.6333527393517,Month-to-month,DSL,1
CUST_0679,41,9,99.83441882243282,907.6639396141981,Month-to-month,Fiber optic,1
CUST_0680,33,40,57.19326679168648,2298.4644508906244,Two year,Fiber optic,0
CUST_0681,72,25,65.16968192316827,1626.9937130487344,Month-to-month,Fiber optic,0
CUST_0682,19,5,59.73813904853165,314.9453686622147,Month-to-month,DSL,0
CUST_0683,66,11,29.34079719752956,320.07973363121255,Month-to-month,No,0
CUST_0684,45,59,64.10721582507837,3785.6932241684317,Month-to-month,No,0
CUST_0685,49,38,39.5609273044515,1499.4384557331148,Two year,DSL,0
CUST_0686,44,5,38.67232957730415,186.62691266001283,Month-to-month,No,0
CUST_0687,37,48,29.403610443426636,1421.8152121723874,Month-to-month,DSL,0
CUST_0688,41,18,55.667097414176475,1033.226722429437,Month-to-month,DSL,0
CUST_0689,29,70,95.74818847894174,6698.755594642719,Month-to-month,DSL,0
CUST_0690,67,37,47.64416905833961,1774.987470905346,Month-to-month,DSL,0
CUST_0691,52,60,51.23491018855135,3070.8354981860793,Two year,No,0
CUST_0692,77,48,84.26746576724236,4044.733507059073,Two year,DSL,0
CUST_0693,50,28,39.58408125869189,1125.9301129656897,One year,DSL,0
CUST_0694,50,69,109.69579304235343,7558.274367071634,Month-to-month,DSL,0
CUST_0695,78,40,72.01905232515544,2867.380502319986,Two year,DSL,0
CUST_0696,68,45,64.7602940320217,2913.3412449533453,One year,DSL,0
CUST_0697,60,62,75.78201919292013,4705.121750240425,Month-to-month,Fiber optic,0
CUST_0698,54,58,36.60343134161955,2127.6356835307424,One year,DSL,0
CUST_0699,29,67,81.34731386391763,5453.876820639412,Month-to-month,No,1
CUST_0700,20,56,56.31007366340104,3153.705444965574,Month-to-month,No,1
CUST_0701,18,40,109.7186340964619,4396.610764128315,One year,DSL,0
CUST_0702,50,40,36.885420667768614,1446.2801022902947,Month-to-month,No,0
CUST_0703,57,33,70.7051103865441,2325.760589705078,One year,DSL,0
CUST_0704,27,6,79.8112629369018,477.9314535285763,Month-to-month,DSL,1
CUST_0705,60,19,23.338360178638123,450.4741913851494,Two year,DSL,0
CUST_0706,61,40,56.369312475614024,2269.670150425247,Two year,Fiber optic,0
CUST_0707,46,59,93.26352347008329,5493.696887653243,Two year,Fiber optic,0
CUST_0708,30,59,102.03775074489734,6034.7980802043085,Month-to-month,Fiber optic,0
CUST_0709,29,48,51.31619948172823,2458.6519584309417,Month-to-month,Fiber optic,1
CUST_0710,48,41,99.85932723827513,4092.933318939474,Month-to-month,Fiber optic,0
CUST_0711,63,13,116.77558771033888,1523.8969654223818,Month-to-month,DSL,1
CUST_0712,19,45,105.6873936075094,4753.900351544856,Month-to-month,Fiber optic,0
CUST_0713,78,53,31.76439881593252,1694.6143133110866,One year,DSL,0
CUST_0714,68,42,93.97303320855406,3942.8213533081394,One year,DSL,0
CUST_0715,67,63,51.96668324405447,3270.0056944626285,Two year,DSL,0
CUST_0716,52,27,118.84159894120765,3219.2429709546996,Month-to-month,DSL,1
CUST_0717,40,38,68.5358983159887,2596.732892124894,Month-to-month,Fiber optic,0
CUST_0718,34,60,32.24338983589411,1937.092681106813,Month-to-month,No,0
CUST_0719,43,7,92.51855480273908,631.0250569422352,Two year,DSL,1
CUST_0720,25,5,52.30111983862138,279.70199271371877,One year,Fiber optic,0
CUST_0721,46,45,119.70781570816617,5398.917226229845,Two year,Fiber optic,1
CUST_0722,43,58,117.97824578545219,6870.239327552034,Two year,No,0
CUST_0723,27,31,85.61340180205806,2667.399093178264,One year,DSL,0
CUST_0724,43,23,32.98264489517176,747.3043302929456,Month-to-month,Fiber optic,0
CUST_0725,79,42,88.68609976750291,3731.502688836728,Month-to-month,No,1
CUST_0726,51,10,29.303048646002722,283.85039883780917,One year,Fiber optic,0
CUST_0727,68,32,22.936415910239234,749.7456841981865,Month-to-month,Fiber optic,1
CUST_0728,58,53,102.2958446221486,5410.6683620941,Month-to-month,DSL,1
CUST_0729,24,30,40.97529476836814,1217.767294208646,Two year,DSL,0
CUST_0730,21,39,57.90271262190974,2242.107677717513,Two year,Fiber optic,0
CUST_0731,75,31,117.34573899761732,3632.8341107135066,One year,Fiber optic,0
CUST_0732,70,2,53.684050186110326,100.47332212438494,One year,DSL,1
CUST_0733,67,12,49.64897812833153,583.1712464815857,One year,Fiber optic,1
CUST_0734,62,39,111.82079996227752,4380.909289571258,Month-to-month,Fiber optic,1
CUST_0735,28,66,31.074844531895813,2056.23854606899,Month-to-month,Fiber optic,1
CUST_0736,46,13,95.95824101146317,1251.5794785475885,One year,Fiber optic,0
CUST_0737,73,46,118.8065566652774,5480.99325079524,One year,No,0
CUST_0738,53,27,110.12960107746488,2976.0618070119813,Month-to-month,Fiber optic,0
CUST_0739,42,17,85.1667918706426,1440.3486597858728,Two year,No,1
CUST_0740,38,60,51.4060794992732,3067.362672531215,Month-to-month,DSL,0
CUST_0741,78,64,45.432198117831675,2899.610105617793,Month-to-month,DSL,0
CUST_0742,74,35,101.92551048714611,3582.4470230551988,One year,DSL,0
CUST_0743,53,70,107.98219139516952,7546.200036505005,Month-to-month,DSL,0
CUST_0744,27,30,72.54349125456929,2179.8360100170576,Month-to-month,DSL,0
CUST_0745,54,71,44.43399407864661,3165.152831014765,Month-to-month,DSL,0
CUST_0746,26,63,31.294320841117354,1974.395661394826,One year,No,0
CUST_0747,41,28,28.717946783183116,808.0923432170331,Month-to-month,DSL,0
CUST_0748,52,60,91.90774473538556,5521.020723251868,One year,Fiber optic,0
CUST_0749,66,37,62.0118727847725,2298.232101754809,One year,DSL,0
CUST_0750,52,22,110.53598742778703,2447.8824651360474,Month-to-month,No,1
CUST_0751,65,68,93.96713007267637,6379.361927659717,Two year,Fiber optic,0
CUST_0752,53,20,39.12604179145867,784.9250845975613,Month-to-month,DSL,1
CUST_0753,35,68,81.3777418815699,5515.504043606782,Two year,Fiber optic,0
CUST_0754,66,64,63.550545439815934,4046.4974462763544,One year,Fiber optic,0
CUST_0755,56,17,77.72497307686132,1320.5078319981226,Two year,Fiber optic,0
CUST_0756,49,12,93.80691233385171,1131.1167436956682,Month-to-month,Fiber optic,0
CUST_0757,41,22,100.61958810037908,2229.9376159807152,Month-to-month,Fiber optic,1
CUST_0758,40,17,104.37373264067243,1798.551372221536,Month-to-month,Fiber optic,0
CUST_0759,79,10,45.39748745720247,467.17348127867956,Month-to-month,Fiber optic,0
CUST_0760,49,65,23.111559991735767,1509.523056906805,One year,DSL,0
CUST_0761,54,22,93.92947351647732,2068.048065920239,Month-to-month,No,0
CUST_0762,29,50,30.63437262557746,1516.406350647039,One year,Fiber optic,0
CUST_0763,66,14,51.491958861296766,719.4270580007367,Month-to-month,Fiber optic,0
CUST_0764,72,64,20.381713412434713,1317.333425908404,Month-to-month,DSL,0
CUST_0765,30,47,88.166948240162,4152.829385847894,One year,Fiber optic,0
CUST_0766,40,29,36.71320114712212,1051.819491799712,Month-to-month,No,0
CUST_0767,42,36,85.52824096916582,3085.1569313625546,One year,DSL,0
CUST_0768,52,52,119.17426171678389,6202.345537391439,One year,Fiber optic,0
CUST_0769,58,7,27.267087161001626,194.36851132815875,Two year,Fiber optic,0
CUST_0770,47,29,27.707801195146068,803.2476791054627,Month-to-month,No,0
CUST_0771,34,11,54.03800926666749,601.0739416027842,One year,Fiber optic,0
CUST_0772,66,33,106.6386514251342,3526.0486274185528,Two year,Fiber optic,0
CUST_0773,79,6,41.55298687913319,242.90333362048506,One year,No,0
CUST_0774,37,32,56.037781993034756,1797.7591643909332,Month-to-month,Fiber optic,0
CUST_0775,65,51,26.85054066269796,1367.4836223901239,One year,DSL,0
CUST_0776,42,58,96.31552912588894,5571.428350624096,One year,DSL,0
CUST_0777,39,26,60.83063427594511,1575.980420824191,One year,Fiber optic,0
CUST_0778,30,46,95.92487330608428,4396.907275226423,Month-to-month,DSL,1
CUST_0779,76,29,110.3607844346795,3210.2636839564066,Month-to-month,DSL,1
CUST_0780,36,4,43.27631471012887,176.6641526160587,Two year,No,0
CUST_0781,66,13,100.73960303399514,1306.0599333298774,Month-to-month,DSL,1
CUST_0782,53,39,25.909389007825325,1024.6713847380743,One year,Fiber optic,0
CUST_0783,29,15,109.88473881802473,1648.9509913461825,Month-to-month,DSL,0
CUST_0784,78,29,85.07685475587473,2452.9165603606984,One year,Fiber optic,1
CUST_0785,58,29,107.42267241383516,3110.862714599382,Month-to-month,Fiber optic,1
CUST_0786,36,32,20.01883995565819,656.931420453795,Month-to-month,DSL,0
CUST_0787,29,2,36.90810703559925,67.12145782030707,Two year,Fiber optic,0
CUST_0788,26,47,58.975938742649205,2774.6213337920913,Two year,DSL,0
CUST_0789,24,22,57.950290337471856,1282.3451536695272,One year,No,0
CUST_0790,45,27,42.673038292351066,1158.0715187390283,Month-to-month,No,0
CUST_0791,31,67,58.16119398672001,3921.2945950998214,One year,Fiber optic,1
CUST_0792,48,56,32.884871200025486,1829.7897546321944,One year,Fiber optic,0
CUST_0793,69,21,61.27611292660261,1276.0337406533267,One year,Fiber optic,0
CUST_0794,36,47,100.23543291592642,4699.467802577521,Month-to-month,Fiber optic,0
CUST_0795,75,59,67.90700631033512,4003.554188099603,One year,Fiber optic,0
CUST_0796,64,6,21.800008894521497,141.7938272489535,One year,DSL,0
CUST_0797,33,19,62.14440415792474,1170.4263332026048,Two year,Fiber optic,0
CUST_0798,70,57,22.717501609084415,1306.031196777251,Month-to-month,DSL,0
CUST_0799,22,69,116.62434107067982,8047.430800576185,One year,Fiber optic,0
CUST_0800,52,3,32.7453959422869,87.14622089475145,One year,DSL,1
CUST_0801,29,1,90.76883263306188,73.25513306738331,Month-to-month,Fiber optic,1
CUST_0802,42,58,117.27763228920858,6786.826967836005,Month-to-month,DSL,0
CUST_0803,69,38,102.60390516665719,3892.2898622506336,Month-to-month,DSL,0
CUST_0804,76,15,89.93153751262037,1347.2815509318723,Month-to-month,Fiber optic,0
CUST_0805,38,34,103.9460909500767,3547.627722069912,Month-to-month,No,0
CUST_0806,53,61,118.17986932606276,7216.96291101171,One year,Fiber optic,0
CUST_0807,70,35,82.13444972535297,2866.3163278665506,One year,DSL,0
CUST_0808,40,64,75.91848068293265,4862.869416541412,One year,DSL,0
CUST_0809,33,25,82.82381104632813,2087.110738850126,Two year,No,0
CUST_0810,74,24,73.2675886761555,1777.1613024380324,Month-to-month,Fiber optic,0
CUST_0811,56,12,83.50891059097188,998.9628669761266,Month-to-month,DSL,1
CUST_0812,62,18,64.98422079725592,1179.2988586476565,One year,No,0
CUST_0813,70,15,41.84431828833071,641.5643279938389,Month-to-month,No,0
CUST_0814,59,27,32.024722651167565,849.5967923497403,Month-to-month,No,0
CUST_0815,75,60,26.83409355322604,1604.9215423219655,Month-to-month,No,0
CUST_0816,56,46,46.33157837532001,2153.452792608953,Month-to-month,No,1
CUST_0817,31,17,24.61235643357338,415.3996982695385,Two year,DSL,0
CUST_0818,48,53,76.71707799193857,4036.715619925733,Month-to-month,DSL,0
CUST_0819,75,8,48.38284470235203,385.853139514949,Month-to-month,Fiber optic,1
CUST_0820,22,27,102.45348080870322,2777.4902368261455,Month-to-month,Fiber optic,1
CUST_0821,52,46,27.424087298838643,1261.5731201145863,One year,Fiber optic,0
CUST_0822,40,50,42.635149434148595,2138.9111111754364,Month-to-month,Fiber optic,1
CUST_0823,46,71,93.02461470901459,6614.129864316593,One year,Fiber optic,1
CUST_0824,60,3,79.88082963834914,236.09311440072457,Month-to-month,Fiber optic,0
CUST_0825,28,64,26.449127124916753,1687.5502061305285,Month-to-month,DSL,0
CUST_0826,35,44,107.72394571622004,4741.388021273225,One year,DSL,0
CUST_0827,64,53,107.72617628261796,5711.26513220805,Month-to-month,Fiber optic,1
CUST_0828,29,24,53.040800387577384,1273.519977500327,Month-to-month,Fiber optic,0
CUST_0829,26,60,54.04058433495647,3243.3866253242127,Month-to-month,DSL,0
CUST_0830,27,3,118.90283583501738,349.22304615884474,Two year,Fiber optic,0
CUST_0831,75,20,82.61761715931382,1659.8552122870858,Month-to-month,Fiber optic,1
CUST_0832,61,46,73.1316520568059,3370.048314084201,One year,Fiber optic,0
CUST_0833,34,15,103.81521835519244,1543.8681916615321,Month-to-month,DSL,1
CUST_0834,78,25,48.52903383573164,1209.3342227224314,Month-to-month,Fiber optic,0
CUST_0835,55,71,62.91825933963569,4468.127211839528,Month-to-month,DSL,1
CUST_0836,24,17,46.77766754883342,789.8772183074063,Two year,No,0
CUST_0837,63,9,98.91608465887315,896.6184817057363,Month-to-month,DSL,1
CUST_0838,30,38,77.3349345635218,2938.058688029257,Month-to-month,Fiber optic,0
CUST_0839,57,48,85.88250701400705,4124.05106196689,Month-to-month,DSL,0
CUST_0840,59,60,45.230724983940654,2709.8364059616088,Month-to-month,Fiber optic,0
CUST_0841,26,63,42.02253013773151,2627.487210442979,Month-to-month,Fiber optic,0
CUST_0842,67,2,68.83746289829386,117.17144258096323,One year,DSL,0
CUST_0843,44,11,93.75657490928268,1037.2184194690296,Month-to-month,Fiber optic,1
CUST_0844,75,64,72.52397575201601,4644.203568893919,Month-to-month,DSL,0
CUST_0845,19,21,23.264567754566862,492.94254490941495,One year,Fiber optic,0
CUST_0846,22,18,106.85515063202888,1924.737439797149,Month-to-month,Fiber optic,0
CUST_0847,46,64,26.468689351513156,1696.141792530577,Month-to-month,Fiber optic,0
CUST_0848,54,38,115.58244837207522,4401.823271875046,Month-to-month,No,1
CUST_0849,55,32,22.51419582772727,724.9004602112868,One year,Fiber optic,0
CUST_0850,36,11,89.44504561307087,994.3045952468408,Month-to-month,Fiber optic,1
CUST_0851,25,45,28.220706371178167,1271.6464051152834,Month-to-month,DSL,1
CUST_0852,65,33,111.06765794351396,3662.228894730763,Month-to-month,Fiber optic,1
CUST_0853,62,41,66.44332362255427,2726.1182971462877,One year,Fiber optic,0
CUST_0854,18,8,33.75237748170154,261.6572410387393,Month-to-month,DSL,1
CUST_0855,39,11,54.08156997898466,591.0988004797122,One year,No,0
CUST_0856,69,51,36.4824675346762,1862.3815573548868,Two year,DSL,0
CUST_0857,34,41,37.058191155709,1521.0290207030791,One year,No,0
CUST_0858,24,17,114.81083201714422,1950.719955491422,Month-to-month,DSL,1
CUST_0859,42,46,64.52461122847882,2954.2502694082837,Month-to-month,No,0
CUST_0860,62,32,98.88022639053595,3170.531339961358,Month-to-month,Fiber optic,0
CUST_0861,21,54,83.96055611776819,4542.212314425477,Month-to-month,DSL,1
CUST_0862,53,20,87.64263623383923,1769.2896296293068,Month-to-month,DSL,0
CUST_0863,23,33,33.16934384720385,1099.0061069236144,One year,Fiber optic,0
CUST_0864,77,40,43.418444681548564,1736.7524056038576,Month-to-month,No,0
CUST_0865,48,32,98.67503351544369,3147.4707773980963,Month-to-month,DSL,0
CUST_0866,36,2,117.0766206474783,249.07341998856714,One year,DSL,0
CUST_0867,78,33,46.26756425986517,1529.3079503442907,One year,Fiber optic,0
CUST_0868,61,30,47.156876475103985,1416.6400259913742,Month-to-month,Fiber optic,1
CUST_0869,71,33,67.28971328109048,2218.0199762941975,Two year,Fiber optic,0
CUST_0870,56,26,118.38403128554378,3074.80511775979,Month-to-month,Fiber optic,1
CUST_0871,44,22,46.8958945826471,1038.5923481587447,One year,DSL,0
CUST_0872,27,66,60.69719096342639,3995.8001973595556,One year,No,0
CUST_0873,43,38,109.14800156235067,4163.878377960913,One year,Fiber optic,0
CUST_0874,36,46,20.2921032621362,947.512014633649,One year,DSL,0
CUST_0875,56,15,23.976596498856956,356.1083320141835,Month-to-month,Fiber optic,0
CUST_0876,79,44,80.40716770712191,3529.2767334546334,Month-to-month,Fiber optic,1
CUST_0877,20,49,110.7380164712847,5406.010747209396,One year,Fiber optic,0
CUST_0878,62,61,43.88566604019277,2664.5114897269164,Month-to-month,Fiber optic,0
CUST_0879,30,67,66.9641774680709,4493.89900528958,Two year,DSL,0
CUST_0880,67,6,65.04653016578183,393.43259958369754,Month-to-month,Fiber optic,1
CUST_0881,45,9,67.29713460955102,610.6107471390201,Month-to-month,No,0
CUST_0882,79,6,82.25196957297452,475.05602108460545,Month-to-month,DSL,0
CUST_0883,75,32,66.97437629906838,2139.2218853691616,Month-to-month,Fiber optic,0
CUST_0884,37,41,64.74681413224579,2668.2921074848978,One year,No,0
CUST_0885,45,8,67.42884204312605,538.4704622918149,One year,No,1
CUST_0886,25,50,79.08674412710415,3941.614259008968,One year,Fiber optic,0
CUST_0887,78,62,73.70074883513584,4568.330404469993,Two year,Fiber optic,0
CUST_0888,58,62,105.41359976505044,6527.9330112494745,Two year,Fiber optic,0
CUST_0889,56,7,24.94968534936666,177.9845880450206,Two year,No,0
CUST_0890,18,4,103.33170714730124,413.53228237808213,Month-to-month,No,1
CUST_0891,20,6,104.3924612611724,631.7877342078573,One year,DSL,1
CUST_0892,30,58,48.490802153096084,2800.2872886119217,Month-to-month,Fiber optic,0
CUST_0893,45,22,66.28519550158506,1453.7871353482203,Month-to-month,Fiber optic,0
CUST_0894,79,26,63.85384885374355,1671.1044136113233,One year,Fiber optic,0
CUST_0895,74,3,41.85098343541303,112.01014976188426,Month-to-month,Fiber optic,1
CUST_0896,77,41,59.67968470863165,2436.8359528934975,Month-to-month,Fiber optic,1
CUST_0897,66,60,24.438777217085445,1468.3196061250474,Month-to-month,No,1
CUST_0898,42,14,47.782207278173445,671.8182002852661,Month-to-month,DSL,0
CUST_0899,73,12,101.66821754507181,1215.130112113434,Two year,DSL,0
CUST_0900,50,12,48.45623017628975,578.6904332890886,Month-to-month,Fiber optic,0
CUST_0901,55,13,101.82066687482475,1329.0009249882783,Month-to-month,Fiber optic,0
CUST_0902,70,25,73.15994646044308,1837.4950115286756,Month-to-month,DSL,0
CUST_0903,23,45,107.98626773611599,4848.689831472322,Month-to-month,DSL,0
CUST_0904,75,19,77.47795542644153,1475.7243483086684,Two year,Fiber optic,0
CUST_0905,61,55,22.966822306473983,1278.2953868561262,Month-to-month,No,0
CUST_0906,62,45,87.54202075470891,3938.23201334829,One year,Fiber optic,0
CUST_0907,49,8,24.485356802356865,185.08446288096974,One year,Fiber optic,0
CUST_0908,62,53,65.05970189831339,3436.9032815223377,Two year,DSL,0
CUST_0909,78,55,112.9426694473114,6210.239445189008,One year,Fiber optic,0
CUST_0910,64,32,36.520393933785016,1179.0110789297967,Two year,Fiber optic,0
CUST_0911,38,51,58.98723529415441,3007.941441503409,Month-to-month,Fiber optic,0
CUST_0912,33,44,92.98603088484784,4093.277678732364,Month-to-month,DSL,0
CUST_0913,71,70,108.22585560948475,7565.846475842195,Month-to-month,DSL,1
CUST_0914,38,18,87.09430047425079,1577.5285848662795,Two year,DSL,0
CUST_0915,28,22,45.81732541911692,996.5245735089186,Month-to-month,Fiber optic,0
CUST_0916,77,37,87.46078529162162,3231.0040909472837,Month-to-month,No,1
CUST_0917,54,56,49.672764110409,2787.9739388033668,Month-to-month,No,0
CUST_0918,53,59,91.84292298187353,5398.338140947339,Month-to-month,Fiber optic,0
CUST_0919,52,3,115.40331275850406,347.94954977236927,Month-to-month,Fiber optic,1
CUST_0920,36,28,92.13934511062882,2569.510927433689,Two year,No,0
CUST_0921,37,35,106.28805029124123,3720.247254182534,Month-to-month,DSL,0
CUST_0922,74,61,20.210384317588343,1229.3128872957695,One year,Fiber optic,0
CUST_0923,35,54,91.75721247315944,4975.947821804095,One year,No,0
CUST_0924,64,63,102.95875568652504,6482.470396359078,Month-to-month,Fiber optic,1
CUST_0925,58,7,24.05587375446814,186.8176300101104,Month-to-month,No,1
CUST_0926,66,49,107.15977272882306,5256.6983866241635,Month-to-month,No,0
CUST_0927,31,31,45.66942283100458,1407.7375180538447,Month-to-month,Fiber optic,1
CUST_0928,32,58,86.52921019780553,5022.002300725318,One year,No,0
CUST_0929,48,61,100.03548790234066,6099.120664579402,Month-to-month,Fiber optic,1
CUST_0930,18,24,86.26645130593555,2072.8164062498654,Month-to-month,Fiber optic,0
CUST_0931,70,20,29.228479207325723,577.4306742721818,One year,Fiber optic,0
CUST_0932,71,37,79.63215188603684,2963.2913961168224,Two year,DSL,0
CUST_0933,71,4,74.95836567221437,309.0874435968247,Two year,Fiber optic,0
CUST_0934,20,20,110.03212680742715,2200.9603518301587,Two year,Fiber optic,0
CUST_0935,33,60,60.42397296442092,3642.7295255459503,One year,DSL,0
CUST_0936,40,24,52.108109708705015,1251.337425449749,Month-to-month,DSL,0
CUST_0937,74,50,94.98507644364662,4760.2300718309425,One year,DSL,0
CUST_0938,28,49,61.267532608339664,3002.4921036838678,Month-to-month,Fiber optic,0
CUST_0939,29,51,84.6096175005063,4319.029368473928,One year,No,0
CUST_0940,27,36,84.64500901246069,3046.405936639157,One year,No,0
CUST_0941,49,66,108.80390643601179,7182.0108383155175,Month-to-month,Fiber optic,0
CUST_0942,33,34,79.86924023190974,2717.2594864888115,One year,No,0
CUST_0943,25,36,70.21536099619868,2521.055677538269,Two year,Fiber optic,0
CUST_0944,55,6,33.887132639651696,199.3121091686793,Month-to-month,Fiber optic,1
CUST_0945,29,39,31.573760667870538,1229.2091158820892,Two year,Fiber optic,0
CUST_0946,41,42,35.43215652830794,1490.4476843569566,Month-to-month,DSL,0
CUST_0947,45,58,37.18484813270945,2156.415401502113,One year,No,0
CUST_0948,70,12,83.7877092663634,1017.1828365346179,Month-to-month,Fiber optic,0
CUST_0949,25,3,94.09812502745785,290.76555827217,One year,Fiber optic,1
CUST_0950,75,18,72.99915229264187,1312.0214657072997,Two year,Fiber optic,0
CUST_0951,45,40,102.9017732545491,4129.888769156483,Two year,Fiber optic,0
CUST_0952,53,21,119.12632267336332,2520.382982376384,One year,DSL,0
CUST_0953,43,15,102.0012629119356,1509.580680729813,Month-to-month,Fiber optic,1
CUST_0954,25,26,89.48823736759591,2336.0170724081568,Two year,DSL,0
CUST_0955,75,8,73.24926994371467,579.0643175764023,Month-to-month,Fiber optic,0
CUST_0956,77,42,64.88530716747081,2733.1903812470073,Two year,Fiber optic,1
CUST_0957,67,44,28.439238054454236,1263.7088538024507,Month-to-month,Fiber optic,0
CUST_0958,45,14,59.93687483946909,830.3463218074617,Month-to-month,Fiber optic,0
CUST_0959,45,2,111.01346367821343,203.50365636626924,One year,Fiber optic,0
CUST_0960,54,37,100.8022629906553,3738.0380715364045,Month-to-month,Fiber optic,1
CUST_0961,58,69,41.605136501168715,2872.1084434054774,Month-to-month,Fiber optic,1
CUST_0962,53,38,66.66077846972158,2516.4251943103936,Month-to-month,Fiber optic,1
CUST_0963,44,41,101.67232025585446,4193.860775544661,Month-to-month,Fiber optic,1
CUST_0964,71,62,26.738455478552254,1664.0284337928051,Month-to-month,No,0
CUST_0965,34,60,58.73925856686593,3531.056514413207,Month-to-month,DSL,0
CUST_0966,26,14,105.18412368739476,1486.2359091491471,Month-to-month,Fiber optic,1
CUST_0967,50,2,60.389786417012374,114.97133330555972,Month-to-month,No,0
CUST_0968,70,70,27.761464473144088,1944.607054240973,One year,Fiber optic,0
CUST_0969,37,17,74.25343685322514,1249.1152073670298,Month-to-month,DSL,0
CUST_0970,30,28,106.17424949182954,2966.7995012983756,Two year,Fiber optic,0
CUST_0971,45,66,79.02855429531597,5219.7411834955465,Two year,DSL,0
CUST_0972,65,35,42.627910821423185,1475.3240320784869,Month-to-month,DSL,0
CUST_0973,46,5,58.423962013738134,285.75691461190985,One year,No,0
CUST_0974,30,65,65.01233611819322,4216.5225080831815,Two year,Fiber optic,0
CUST_0975,63,40,77.92663538205268,3118.4863377383103,Two year,DSL,0
CUST_0976,52,56,95.93510257526131,5378.112756831287,One year,No,0
CUST_0977,78,36,29.88736176406354,1083.366551550052,Month-to-month,No,0
CUST_0978,23,45,108.96520330175663,4913.42231502683,One year,Fiber optic,0
CUST_0979,35,23,21.23097030160756,502.0334854026976,One year,DSL,0
CUST_0980,68,47,57.005233467425526,2685.318427505834,One year,No,0
CUST_0981,22,31,22.742030997265765,723.8763199041829,Month-to-month,Fiber optic,1
CUST_0982,64,11,59.297422534529126,653.4666730924672,Two year,Fiber optic,0
CUST_0983,42,10,72.58125988733238,724.0793873308183,Two year,No,0
CUST_0984,19,67,71.16813865815118,4774.338363729729,Month-to-month,Fiber optic,0
CUST_0985,27,14,36.562834702826535,509.7155740896456,Month-to-month,DSL,0
CUST_0986,73,10,84.57405100956123,864.2661573833628,Month-to-month,Fiber optic,1
CUST_0987,47,1,24.477845050466822,35.78767978181894,Two year,Fiber optic,0
CUST_0988,67,5,96.19068201324154,488.45619150820283,One year,Fiber optic,0
CUST_0989,76,20,114.66444339935462,2294.603061427506,One year,Fiber optic,0
CUST_0990,62,8,53.97688271511179,427.7402900067457,Month-to-month,DSL,0
CUST_0991,22,43,71.72393817143319,3091.1425914173046,One year,Fiber optic,0
CUST_0992,72,1,57.891027805881436,46.62005328741185,Month-to-month,Fiber optic,0
CUST_0993,73,57,20.671039030405996,1193.592860067552,Month-to-month,Fiber optic,0
CUST_0994,50,64,58.587450289511594,3747.820451474888,One year,Fiber optic,0
CUST_0995,71,28,99.17202592613465,2779.8677932641776,Two year,Fiber optic,0
CUST_0996,18,37,79.59888421834819,2936.06270531695,Two year,Fiber optic,0
CUST_0997,35,47,30.125991461515895,1423.1514613224392,Two year,DSL,1
CUST_0998,49,37,104.7139489693785,3869.8786957386214,Month-to-month,Fiber optic,1
CUST_0999,64,49,73.10853448852428,3588.810477840741,Month-to-month,No,0
CUST_1000,66,44,104.17233617446762,4591.156726366348,One year,Fiber optic,0
